{
  "properties": {
    "connectionReferences": {
      "shared_sendmail": {
        "runtimeSource": "embedded",
        "connection": {
          "connectionReferenceLogicalName": "new_sharedsendmail_b8565"
        },
        "api": {
          "name": "shared_sendmail"
        }
      },
      "shared_commondataserviceforapps": {
        "runtimeSource": "embedded",
        "connection": {
          "connectionReferenceLogicalName": "new_sharedcommondataserviceforapps_2389b"
        },
        "api": {
          "name": "shared_commondataserviceforapps"
        }
      }
    },
    "definition": {
      "$schema": "https://schema.management.azure.com/providers/Microsoft.Logic/schemas/2016-06-01/workflowdefinition.json#",
      "contentVersion": "1.0.0.0",
      "parameters": {
        "$connections": {
          "defaultValue": {},
          "type": "Object"
        },
        "$authentication": {
          "defaultValue": {},
          "type": "SecureObject"
        }
      },
      "triggers": {
        "OnDeploymentStarted": {
          "metadata": {
            "operationMetadataId": "2bbd9e8c-40b7-405d-b1a8-172e978104c6"
          },
          "type": "OpenApiConnectionWebhook",
          "inputs": {
            "host": {
              "connectionName": "shared_commondataserviceforapps",
              "operationId": "BusinessEventsTrigger",
              "apiId": "/providers/Microsoft.PowerApps/apis/shared_commondataserviceforapps"
            },
            "parameters": {
              "catalog": "commoncatalog",
              "category": "powerplatformpipelines",
              "subscriptionRequest/entityname": "none",
              "subscriptionRequest/sdkmessagename": "OnDeploymentStarted"
            },
            "authentication": "@parameters('$authentication')"
          },
          "conditions": [
            {
              "expression": "@equals(triggerOutputs()?['body/OutputParameters/DeploymentPipelineName'], 'Northwind Traders Pipeline')"
            }
          ],
          "description": "Set the trigger condition in the settings as \"@equals(triggerOutputs()?['body/OutputParameters/DeploymentPipelineName'], 'Northwind Traders Pipeline')\". This ensures that flow will only execute when the pipeline name is 'Northwind Traders Pipeline'"
        }
      },
      "actions": {
        "If_Deploy_Scheduled_then_Send_scheduled_mail_else_Send_Start_mail": {
          "actions": {
            "Send_mail_as_Deployment_Scheduled": {
              "runAfter": {},
              "metadata": {
                "operationMetadataId": "7a0a5949-a0ee-414b-b7e1-3ab623193374"
              },
              "type": "OpenApiConnection",
              "inputs": {
                "host": {
                  "connectionName": "shared_sendmail",
                  "operationId": "SendEmailV3",
                  "apiId": "/providers/Microsoft.PowerApps/apis/shared_sendmail"
                },
                "parameters": {
                  "request/to": "alans@contoso.com",
                  "request/subject": "OnDeploymentStarted - Schedule for @{triggerOutputs()?['body/OutputParameters/DeploymentPipelineName']}",
                  "request/text": "<p><br>\nOnDeployment Schedule:<br>\nArtifact Name: @{triggerOutputs()?['body/OutputParameters/ArtifactName']}<br>\nPipeline Name: @{triggerOutputs()?['body/OutputParameters/DeploymentPipelineName']}<br>\nStage Name: @{triggerOutputs()?['body/OutputParameters/DeploymentStageName']}<br>\nStatus: @{if(equals(triggerOutputs()?['body/InputParameters/DeploymentStatus'], 200000005), 'Scheduled', 'Started')}<br>\n<br>\n</p>"
                },
                "authentication": "@parameters('$authentication')"
              }
            }
          },
          "runAfter": {},
          "else": {
            "actions": {
              "Send_mail_as_Deployment_Started": {
                "runAfter": {},
                "metadata": {
                  "operationMetadataId": "c887dd65-1b7d-4c3a-980c-8443865f09a6"
                },
                "type": "OpenApiConnection",
                "inputs": {
                  "host": {
                    "connectionName": "shared_sendmail",
                    "operationId": "SendEmailV3",
                    "apiId": "/providers/Microsoft.PowerApps/apis/shared_sendmail"
                  },
                  "parameters": {
                    "request/to": "alans@contoso.com",
                    "request/subject": "OnDeploymentStarted - Start for @{triggerOutputs()?['body/OutputParameters/DeploymentPipelineName']}",
                    "request/text": "<p><br>\nOnDeployment Started:<br>\nArtifact Name: @{triggerOutputs()?['body/OutputParameters/ArtifactName']}<br>\nPipeline Name: @{triggerOutputs()?['body/OutputParameters/DeploymentPipelineName']}<br>\nStage Name: @{triggerOutputs()?['body/OutputParameters/DeploymentStageName']}<br>\nStatus: @{if(equals(triggerOutputs()?['body/InputParameters/DeploymentStatus'], 200000005), 'Scheduled', 'Started')}<br>\n<br>\n</p>"
                  },
                  "authentication": "@parameters('$authentication')"
                }
              }
            }
          },
          "expression": {
            "equals": [
              "@triggerOutputs()?['body/InputParameters/DeploymentStatus']",
              200000005
            ]
          },
          "metadata": {
            "operationMetadataId": "2ae94cec-2b9d-403d-8800-feaa170d998a"
          },
          "type": "If",
          "description": "Deployment Status 200000001 - Started, 200000005 - Scheduled"
        }
      }
    },
    "templateName": ""
  },
  "schemaVersion": "1.0.0.0"
}