{
  "properties": {
    "connectionReferences": {
      "shared_sendmail_1": {
        "runtimeSource": "embedded",
        "connection": {
          "connectionReferenceLogicalName": "new_sharedsendmail_b8565"
        },
        "api": {
          "name": "shared_sendmail"
        }
      },
      "shared_commondataserviceforapps": {
        "runtimeSource": "embedded",
        "connection": {
          "connectionReferenceLogicalName": "new_sharedcommondataserviceforapps_2389b"
        },
        "api": {
          "name": "shared_commondataserviceforapps"
        }
      }
    },
    "definition": {
      "$schema": "https://schema.management.azure.com/providers/Microsoft.Logic/schemas/2016-06-01/workflowdefinition.json#",
      "contentVersion": "1.0.0.0",
      "parameters": {
        "$connections": {
          "defaultValue": {},
          "type": "Object"
        },
        "$authentication": {
          "defaultValue": {},
          "type": "SecureObject"
        }
      },
      "triggers": {
        "OnDeploymentCompleted": {
          "metadata": {
            "operationMetadataId": "5a213dfd-9bc7-4ff9-822e-3d745cd8f953"
          },
          "type": "OpenApiConnectionWebhook",
          "inputs": {
            "host": {
              "connectionName": "shared_commondataserviceforapps",
              "operationId": "BusinessEventsTrigger",
              "apiId": "/providers/Microsoft.PowerApps/apis/shared_commondataserviceforapps"
            },
            "parameters": {
              "catalog": "commoncatalog",
              "category": "powerplatformpipelines",
              "subscriptionRequest/entityname": "none",
              "subscriptionRequest/sdkmessagename": "OnDeploymentCompleted"
            },
            "authentication": "@parameters('$authentication')"
          },
          "conditions": [
            {
              "expression": "@equals(triggerOutputs()?['body/OutputParameters/DeploymentPipelineName'], ' Northwind Traders Pipeline')"
            }
          ],
          "description": "Set the trigger condition in the settings as \"@equals(triggerOutputs()?['body/OutputParameters/DeploymentPipelineName'], 'Northwind Traders Pipeline')\". This ensures that flow will only execute when the pipeline name is 'Northwind Traders Pipeline'"
        }
      },
      "actions": {
        "If_Deploy_success_then_Send_success_mail_else_check_further": {
          "actions": {
            "Send_mail_as_Deployment_Succeeded": {
              "runAfter": {},
              "metadata": {
                "operationMetadataId": "23f7ea9a-566b-4373-9460-a8a1654eb004"
              },
              "type": "OpenApiConnection",
              "inputs": {
                "host": {
                  "connectionName": "shared_sendmail_1",
                  "operationId": "SendEmailV3",
                  "apiId": "/providers/Microsoft.PowerApps/apis/shared_sendmail"
                },
                "parameters": {
                  "request/to": "alans@contoso.com;",
                  "request/subject": "OnDeploymentCompleted as Success for @{triggerOutputs()?['body/OutputParameters/DeploymentPipelineName']}",
                  "request/text": "<p><span style=\"font-size: 14px\"><strong><br>\nOnDeploymentCompleted as Success </strong></span><br>\n<br>\nPipeline Name: @{triggerOutputs()?['body/OutputParameters/DeploymentPipelineName']}<br>\nStage Name: @{triggerOutputs()?['body/OutputParameters/DeploymentStageName']}<br>\nArtifact Name: &nbsp;@{triggerOutputs()?['body/OutputParameters/ArtifactName']}<br>\n</p>"
                },
                "authentication": "@parameters('$authentication')"
              }
            }
          },
          "runAfter": {},
          "else": {
            "actions": {
              "If_Deploy_cancel_then_Send_cancel_mail_else_send_failed_mail": {
                "actions": {
                  "Send_mail_as_Deployment_Canceled": {
                    "runAfter": {},
                    "metadata": {
                      "operationMetadataId": "0ad103a7-31d5-4642-bc36-5c3603d8f4fe"
                    },
                    "type": "OpenApiConnection",
                    "inputs": {
                      "host": {
                        "connectionName": "shared_sendmail_1",
                        "operationId": "SendEmailV3",
                        "apiId": "/providers/Microsoft.PowerApps/apis/shared_sendmail"
                      },
                      "parameters": {
                        "request/to": "alans@contoso.com",
                        "request/subject": "OnDeploymentCompleted as Cancel for @{triggerOutputs()?['body/OutputParameters/DeploymentPipelineName']}",
                        "request/text": "<p><br>\n<span style=\"font-size: 14px\"><strong>OnDeploymentCompleted as Cancel</strong></span><br>\n<br>\nPipeline Name: @{triggerOutputs()?['body/OutputParameters/DeploymentPipelineName']}<br>\nStage Name: @{triggerOutputs()?['body/OutputParameters/DeploymentStageName']}<br>\nArtifact Name: &nbsp;@{triggerOutputs()?['body/OutputParameters/ArtifactName']}<br>\n<br>\n<br>\n<br>\n</p>"
                      },
                      "authentication": "@parameters('$authentication')"
                    }
                  }
                },
                "runAfter": {},
                "else": {
                  "actions": {
                    "Send_mail_as_Deployment_Failed": {
                      "runAfter": {},
                      "metadata": {
                        "operationMetadataId": "0ad103a7-31d5-4642-bc36-5c3603d8f4fe"
                      },
                      "type": "OpenApiConnection",
                      "inputs": {
                        "host": {
                          "connectionName": "shared_sendmail_1",
                          "operationId": "SendEmailV3",
                          "apiId": "/providers/Microsoft.PowerApps/apis/shared_sendmail"
                        },
                        "parameters": {
                          "request/to": "alans@contoso.com",
                          "request/subject": "OnDeploymentCompleted as Failed for @{triggerOutputs()?['body/OutputParameters/DeploymentPipelineName']}",
                          "request/text": "<p><span style=\"font-size: 14px\"><strong>OnDeploymentCompleted as Failed.</strong></span><br>\n<br>\nPipeline Name: @{triggerOutputs()?['body/OutputParameters/DeploymentPipelineName']}<br>\nStage Name: @{triggerOutputs()?['body/OutputParameters/DeploymentStageName']}<br>\nArtifact Name: &nbsp;@{triggerOutputs()?['body/OutputParameters/ArtifactName']}<br>\nError Message: @{triggerOutputs()?['body/InputParameters/ErrorMessage']}</p>"
                        },
                        "authentication": "@parameters('$authentication')"
                      }
                    }
                  }
                },
                "expression": {
                  "equals": [
                    "@triggerOutputs()?['body/InputParameters/DeploymentStatus']",
                    200000006
                  ]
                },
                "metadata": {
                  "operationMetadataId": "0a4aa744-7886-4f48-8054-23c049fd6fb8"
                },
                "type": "If",
                "description": "DeploymentStatus 200000002 - Succeeded, 200000006 - Canceled, 200000003 - Failed"
              }
            }
          },
          "expression": {
            "equals": [
              "@triggerOutputs()?['body/InputParameters/DeploymentStatus']",
              200000002
            ]
          },
          "metadata": {
            "operationMetadataId": "2ae94cec-2b9d-403d-8800-feaa170d998a"
          },
          "type": "If",
          "description": "DeploymentStatus 200000002 - Succeeded, 200000006 - Canceled, 200000003 - Failed,"
        }
      }
    },
    "templateName": ""
  },
  "schemaVersion": "1.0.0.0"
}