{
  "properties": {
    "connectionReferences": {
      "shared_sendmail": {
        "runtimeSource": "embedded",
        "connection": {
          "connectionReferenceLogicalName": "new_sharedsendmail_b8565"
        },
        "api": {
          "name": "shared_sendmail"
        }
      },
      "shared_commondataserviceforapps": {
        "runtimeSource": "embedded",
        "connection": {
          "connectionReferenceLogicalName": "new_sharedcommondataserviceforapps_2389b"
        },
        "api": {
          "name": "shared_commondataserviceforapps"
        }
      }
    },
    "definition": {
      "$schema": "https://schema.management.azure.com/providers/Microsoft.Logic/schemas/2016-06-01/workflowdefinition.json#",
      "contentVersion": "1.0.0.0",
      "parameters": {
        "$connections": {
          "defaultValue": {},
          "type": "Object"
        },
        "$authentication": {
          "defaultValue": {},
          "type": "SecureObject"
        }
      },
      "triggers": {
        "OnDeploymentRequested": {
          "metadata": {
            "operationMetadataId": "53c88a8e-7c07-45a0-b866-fbb2156b1572"
          },
          "type": "OpenApiConnectionWebhook",
          "inputs": {
            "host": {
              "connectionName": "shared_commondataserviceforapps",
              "operationId": "BusinessEventsTrigger",
              "apiId": "/providers/Microsoft.PowerApps/apis/shared_commondataserviceforapps"
            },
            "parameters": {
              "catalog": "commoncatalog",
              "category": "powerplatformpipelines",
              "subscriptionRequest/entityname": "none",
              "subscriptionRequest/sdkmessagename": "OnDeploymentRequested"
            },
            "authentication": "@parameters('$authentication')"
          },
          "conditions": [
            {
              "expression": "@equals(triggerOutputs()?['body/OutputParameters/DeploymentPipelineName'], 'Northwind Traders Pipeline')"
            }
          ],
          "description": "Set the trigger condition in the settings as \"@equals(triggerOutputs()?['body/OutputParameters/DeploymentPipelineName'], 'Northwind Traders Pipeline')\". This ensures that flow will only execute when the pipeline name is 'Northwind Traders Pipeline'"
        }
      },
      "actions": {
        "Send_Email_as_Deployment_Requested": {
          "runAfter": {},
          "metadata": {
            "operationMetadataId": "b27ad6ab-197c-45a0-8e97-200c7f751d60"
          },
          "type": "OpenApiConnection",
          "inputs": {
            "host": {
              "connectionName": "shared_sendmail",
              "operationId": "SendEmailV3",
              "apiId": "/providers/Microsoft.PowerApps/apis/shared_sendmail"
            },
            "parameters": {
              "request/to": "alans@contoso.com",
              "request/subject": "Deployment Request for @{triggerOutputs()?['body/OutputParameters/DeploymentPipelineName']}",
              "request/text": "<p><span style=\"font-size: 14px\"><strong>Deployment Requested for</strong></span><span style=\"font-size: 14px\"><strong>@{triggerOutputs()?['body/OutputParameters/DeploymentPipelineName']}</strong></span><span style=\"font-size: 14px\"><strong><br>\n<br>\n</strong></span><span style=\"font-size: 12px\">Stage Name: </span><span style=\"font-size: 12px\">@{triggerOutputs()?['body/OutputParameters/DeploymentStageName']}</span><span style=\"font-size: 12px\"><br>\n<br>\nArtifact Name: </span><span style=\"font-size: 12px\">@{triggerOutputs()?['body/OutputParameters/ArtifactName']}</span><span style=\"font-size: 12px\"><br>\n<br>\nArtifact Version: </span><span style=\"font-size: 12px\">@{triggerOutputs()?['body/OutputParameters/SolutionArtifactVersion']}</span><span style=\"font-size: 12px\"><br>\n<br>\nRequested by: &nbsp;</span><span style=\"font-size: 12px\">@{triggerOutputs()?['body/OutputParameters/DeployAsUser']}</span><span style=\"font-size: 12px\"><br>\n<br>\nStage Details: </span><span style=\"font-size: 12px\">@{triggerOutputs()?['body/OutputParameters/StageRunDetailsLink']}</span><span style=\"font-size: 12px\"><br>\n<br>\nArtifact Download Link: </span><span style=\"font-size: 12px\">@{triggerOutputs()?['body/OutputParameters/ArtifactFileDownloadLink']}</span><span style=\"font-size: 12px\"></span></p>"
            },
            "authentication": "@parameters('$authentication')"
          }
        }
      }
    },
    "templateName": ""
  },
  "schemaVersion": "1.0.0.0"
}