{
  "properties": {
    "connectionReferences": {
      "shared_sendmail": {
        "runtimeSource": "embedded",
        "connection": {
          "connectionReferenceLogicalName": "new_sharedsendmail_b8565"
        },
        "api": {
          "name": "shared_sendmail"
        }
      },
      "shared_commondataserviceforapps": {
        "runtimeSource": "embedded",
        "connection": {
          "connectionReferenceLogicalName": "new_sharedcommondataserviceforapps_2389b"
        },
        "api": {
          "name": "shared_commondataserviceforapps"
        }
      }
    },
    "definition": {
      "$schema": "https://schema.management.azure.com/providers/Microsoft.Logic/schemas/2016-06-01/workflowdefinition.json#",
      "contentVersion": "1.0.0.0",
      "parameters": {
        "$connections": {
          "defaultValue": {},
          "type": "Object"
        },
        "$authentication": {
          "defaultValue": {},
          "type": "SecureObject"
        }
      },
      "triggers": {
        "OnPreDeploymentCompleted": {
          "metadata": {
            "operationMetadataId": "0dff9137-f377-4388-bd99-d88e0711b0a0"
          },
          "type": "OpenApiConnectionWebhook",
          "inputs": {
            "host": {
              "connectionName": "shared_commondataserviceforapps",
              "operationId": "BusinessEventsTrigger",
              "apiId": "/providers/Microsoft.PowerApps/apis/shared_commondataserviceforapps"
            },
            "parameters": {
              "catalog": "commoncatalog",
              "category": "powerplatformpipelines",
              "subscriptionRequest/entityname": "none",
              "subscriptionRequest/sdkmessagename": "OnPreDeploymentCompleted"
            },
            "authentication": "@parameters('$authentication')"
          },
          "conditions": [
            {
              "expression": "@equals(triggerOutputs()?['body/OutputParameters/DeploymentPipelineName'], 'Northwind Traders Pipeline')"
            }
          ],
          "description": "Set the trigger condition in the settings as \"@equals(triggerOutputs()?['body/OutputParameters/DeploymentPipelineName'], 'Northwind Traders Pipeline')\". This ensures that flow will only execute when the pipeline name is 'Northwind Traders Pipeline'"
        }
      },
      "actions": {
        "Send_mail_as_PreDeployment_Completed": {
          "runAfter": {},
          "metadata": {
            "operationMetadataId": "f9f667e2-102e-45cf-ab00-0b9f596308af"
          },
          "type": "OpenApiConnection",
          "inputs": {
            "host": {
              "connectionName": "shared_sendmail",
              "operationId": "SendEmailV3",
              "apiId": "/providers/Microsoft.PowerApps/apis/shared_sendmail"
            },
            "parameters": {
              "request/to": "alans@contoso.com",
              "request/subject": "OnPredeploymentCompleted  for @{triggerOutputs()?['body/OutputParameters/DeploymentPipelineName']}",
              "request/text": "<p><span style=\"font-size: 14px\"><strong>OnPredeploymentCompleted<br>\n<br>\n</strong></span><span style=\"font-size: 12px\">Pipeline Name: </span><span style=\"font-size: 12px\">@{triggerOutputs()?['body/OutputParameters/DeploymentPipelineName']}</span><span style=\"font-size: 12px\"><br>\nStage Name: </span><span style=\"font-size: 12px\">@{triggerOutputs()?['body/OutputParameters/DeploymentStageName']}</span><span style=\"font-size: 12px\"><br>\nArtifact Name: </span><span style=\"font-size: 12px\">@{triggerOutputs()?['body/OutputParameters/ArtifactName']}</span><span style=\"font-size: 12px\"><br>\nStatus: </span><span style=\"font-size: 12px\">@{if(equals(triggerOutputs()?['body/OutputParameters/PreDeploymentStepStatus'], 20), 'Completed', 'Failed')}</span><span style=\"font-size: 12px\"><br>\nComments: </span><span style=\"font-size: 12px\">@{triggerOutputs()?['body/OutputParameters/Comments']}</span><span style=\"font-size: 12px\"></span></p>"
            },
            "authentication": "@parameters('$authentication')"
          }
        }
      }
    },
    "templateName": ""
  },
  "schemaVersion": "1.0.0.0"
}