{
  "properties": {
    "connectionReferences": {
      "shared_approvals_1": {
        "runtimeSource": "embedded",
        "connection": {
          "connectionReferenceLogicalName": "new_sharedapprovals_77c1c"
        },
        "api": {
          "name": "shared_approvals"
        }
      },
      "shared_commondataserviceforapps": {
        "runtimeSource": "embedded",
        "connection": {
          "connectionReferenceLogicalName": "new_sharedcommondataserviceforapps_2389b"
        },
        "api": {
          "name": "shared_commondataserviceforapps"
        }
      }
    },
    "definition": {
      "$schema": "https://schema.management.azure.com/providers/Microsoft.Logic/schemas/2016-06-01/workflowdefinition.json#",
      "contentVersion": "1.0.0.0",
      "parameters": {
        "$connections": {
          "defaultValue": {},
          "type": "Object"
        },
        "$authentication": {
          "defaultValue": {},
          "type": "SecureObject"
        }
      },
      "triggers": {
        "OnPreDeploymentStarted": {
          "metadata": {
            "operationMetadataId": "573bd5ee-f80a-4f70-aa5b-d4ea870f55bf"
          },
          "type": "OpenApiConnectionWebhook",
          "inputs": {
            "host": {
              "connectionName": "shared_commondataserviceforapps",
              "operationId": "BusinessEventsTrigger",
              "apiId": "/providers/Microsoft.PowerApps/apis/shared_commondataserviceforapps"
            },
            "parameters": {
              "catalog": "commoncatalog",
              "category": "powerplatformpipelines",
              "subscriptionRequest/entityname": "none",
              "subscriptionRequest/sdkmessagename": "OnPreDeploymentStarted"
            },
            "authentication": "@parameters('$authentication')"
          },
          "conditions": [
            {
              "expression": "@equals(triggerOutputs()?['body/OutputParameters/DeploymentPipelineName'], 'Northwind Traders Pipeline')"
            }
          ],
          "description": "Set the trigger condition in the settings as \"@equals(triggerOutputs()?['body/OutputParameters/DeploymentPipelineName'], 'Northwind Traders Pipeline')\". This ensures that flow will only execute when the pipeline name is 'Northwind Traders Pipeline'"
        }
      },
      "actions": {
        "start_and_wait_for_an_approval": {
          "runAfter": {},
          "metadata": {
            "operationMetadataId": "ea08f7d3-fd5e-4e36-9c1f-97ac234afde9"
          },
          "type": "OpenApiConnectionWebhook",
          "inputs": {
            "host": {
              "connectionName": "shared_approvals_1",
              "operationId": "StartAndWaitForAnApproval",
              "apiId": "/providers/Microsoft.PowerApps/apis/shared_approvals"
            },
            "parameters": {
              "approvalType": "Basic",
              "WebhookApprovalCreationInput/title": "Please review the Deployment request for @{triggerOutputs()?['body/OutputParameters/DeploymentPipelineName']}",
              "WebhookApprovalCreationInput/assignedTo": "alans@contoso.com",
              "WebhookApprovalCreationInput/details": "# Please review the Deployment details \n1. #### PipeLineName: @{triggerBody()?['OutputParameters']?['DeploymentPipelineName']} \n1. #### StageName: @{triggerBody()?['OutputParameters']?['DeploymentStageName']} \n1. #### Artifact Name: @{triggerBody()?['OutputParameters']?['ArtifactName']} \n1. #### Artifact Version: @{triggerBody()?['OutputParameters']?['SolutionArtifactVersion']} \n1. #### [Item Link: Stage Run Link](@{triggerOutputs()?['body/OutputParameters/StageRunDetailsLink']}) \n1. #### Deploy Requested by: @{triggerOutputs()?['body/OutputParameters/DeployAsUser']} \n1. #### Scheduled Time:   @{if(empty(triggerOutputs()?['body/OutputParameters/ScheduledTime']), 'Now', formatDateTime(triggerOutputs()?['body/OutputParameters/ScheduledTime']))}\n1. #### Deployment Notes: @{triggerOutputs()?['body/OutputParameters/DeploymentNotes']} ",
              "WebhookApprovalCreationInput/itemLink": "@triggerOutputs()?['body/OutputParameters/ArtifactFileDownloadLink']",
              "WebhookApprovalCreationInput/itemLinkDescription": "Solution Artifact Download"
            },
            "authentication": "@parameters('$authentication')"
          }
        },
        "Apply_to_each": {
          "foreach": "@outputs('start_and_wait_for_an_approval')?['body/responses']",
          "actions": {
            "Condition": {
              "actions": {
                "Update_PreDeployment_Step_Status_as_Completed": {
                  "runAfter": {},
                  "metadata": {
                    "operationMetadataId": "9a55a030-b583-4bde-bb5f-b26c308fceae"
                  },
                  "type": "OpenApiConnection",
                  "inputs": {
                    "host": {
                      "connectionName": "shared_commondataserviceforapps",
                      "operationId": "PerformUnboundAction",
                      "apiId": "/providers/Microsoft.PowerApps/apis/shared_commondataserviceforapps"
                    },
                    "parameters": {
                      "actionName": "UpdatePreDeploymentStepStatus",
                      "item/StageRunId": "@triggerOutputs()?['body/InputParameters/StageRunId']",
                      "item/PreDeploymentStepStatus": 20,
                      "item/Comments": "@items('Apply_to_each')?['comments']"
                    },
                    "authentication": "@parameters('$authentication')"
                  },
                  "description": "PreDeployment Step Status (10 - Pending, 20 - Completed, 30 - Failed)"
                }
              },
              "runAfter": {},
              "else": {
                "actions": {
                  "Update_PreDeployment_Step_Status_as_Failed": {
                    "runAfter": {},
                    "metadata": {
                      "operationMetadataId": "2ce5f2dd-bb2e-4c18-98c6-d30bfca9a58c"
                    },
                    "type": "OpenApiConnection",
                    "inputs": {
                      "host": {
                        "connectionName": "shared_commondataserviceforapps",
                        "operationId": "PerformUnboundAction",
                        "apiId": "/providers/Microsoft.PowerApps/apis/shared_commondataserviceforapps"
                      },
                      "parameters": {
                        "actionName": "UpdatePreDeploymentStepStatus",
                        "item/StageRunId": "@triggerOutputs()?['body/InputParameters/StageRunId']",
                        "item/PreDeploymentStepStatus": 30,
                        "item/Comments": "@items('Apply_to_each')?['comments']"
                      },
                      "authentication": "@parameters('$authentication')"
                    },
                    "description": "PreDeployment Step Status (10 - Pending, 20 - Completed, 30 - Failed)"
                  }
                }
              },
              "expression": {
                "equals": [
                  "@items('Apply_to_each')?['approverResponse']",
                  "Approve"
                ]
              },
              "metadata": {
                "operationMetadataId": "0c590f80-c83b-4b2e-b48f-0cf2969293a9"
              },
              "type": "If"
            }
          },
          "runAfter": {
            "start_and_wait_for_an_approval": [
              "Succeeded"
            ]
          },
          "metadata": {
            "operationMetadataId": "675ad58a-1632-4cb9-9908-d6d045b64769"
          },
          "type": "Foreach"
        }
      }
    },
    "templateName": ""
  },
  "schemaVersion": "1.0.0.0"
}